timestamp,elapsed_s,workload,load_level,repeat,assigned_cores,sample_dt_s,cpu_power_w,total_rapl_power_w,gpu_power_w,cpu_busy_pct,cpu_freq_mhz,gpu_util_pct,gpu_mem_util_pct,gpu_mem_used_mb,gpu_mem_bw_gb_s,gpu_sm_clock_mhz,gpu_mem_clock_mhz,dram_bw_gb_s,cpu_temp_c,gpu_temp_c
2026-04-07T01:27:45,0.001,gpt2,20,1,0-3,0.1013,39.7813,40.6966,46.377,0.0,2199.6395,15.9014,6.0,1192.9375,0.0289,1200.0,850.0,,49.0,57.0
2026-04-07T01:27:45,0.177,gpt2,20,1,0-3,0.1012,40.3326,41.2315,46.562,2.275,2199.639,15.9014,6.0,1192.9375,0.0291,1200.0,850.0,,49.0,57.0
2026-04-07T01:27:46,0.331,gpt2,20,1,0-3,0.1012,39.5614,40.4787,46.86,0.0,2199.639,15.8873,6.0,1192.9375,0.029,1200.0,850.0,,49.0,57.0
2026-04-07T01:27:46,0.484,gpt2,20,1,0-3,0.1012,40.2695,41.1958,47.817,0.0,2199.6393,15.8873,6.0,1192.9375,0.0289,1200.0,850.0,,49.0,57.0
2026-04-07T01:27:46,0.636,gpt2,20,1,0-3,0.1012,39.6494,40.567,46.655,0.0,2199.639,15.8873,6.0,1192.9375,0.0289,1200.0,850.0,,49.0,57.0
2026-04-07T01:27:46,0.793,gpt2,20,1,0-3,0.1012,39.6724,40.5811,46.377,0.0,2199.6393,15.8873,6.0,1192.9375,0.0284,1200.0,850.0,,49.0,57.0
2026-04-07T01:27:46,0.945,gpt2,20,1,0-3,0.1012,39.7847,40.684,46.666,0.0,2199.639,15.8873,6.0,1192.9375,0.0292,1200.0,850.0,,49.0,57.0
2026-04-07T01:27:46,1.097,gpt2,20,1,0-3,0.1012,40.0155,40.9417,46.28,0.0,2199.639,15.9155,6.0,1192.9375,0.0296,1200.0,850.0,,49.0,57.0
2026-04-07T01:27:46,1.253,gpt2,20,1,0-3,0.1012,40.2572,41.1565,47.342,0.0,2199.639,15.9296,6.0,1192.9375,0.0288,1200.0,850.0,,49.0,57.0
2026-04-07T01:27:47,1.406,gpt2,20,1,0-3,0.1012,40.1883,41.1048,45.701,0.0,2199.2782,15.9296,6.0,1192.9375,0.0289,1200.0,850.0,,49.0,57.0
2026-04-07T01:27:47,1.558,gpt2,20,1,0-3,0.1012,40.0714,40.9703,45.991,0.0,2199.2785,15.9296,6.0,1192.9375,0.0289,1200.0,850.0,,49.0,57.0
2026-04-07T01:27:47,1.715,gpt2,20,1,0-3,0.1012,40.2143,41.123,45.894,0.0,2199.639,15.9296,6.0,1192.9375,0.0289,1200.0,850.0,,49.0,57.0
2026-04-07T01:27:47,1.867,gpt2,20,1,0-3,0.1012,40.1882,41.1058,47.142,0.0,2199.639,15.9296,6.0,1192.9375,0.0288,1200.0,850.0,,49.0,57.0
2026-04-07T01:27:47,2.019,gpt2,20,1,0-3,0.1012,39.8849,40.802,46.659,0.0,2199.6393,15.9155,6.0,1192.9375,0.029,1200.0,850.0,,49.0,57.0
2026-04-07T01:27:47,2.196,gpt2,20,1,0-3,0.1012,39.9072,40.8152,46.477,2.275,2199.6395,15.9155,6.0,1192.9375,0.0288,1200.0,850.0,,49.0,57.0
2026-04-07T01:27:48,2.368,gpt2,20,1,0-3,0.1012,39.7337,40.6505,46.763,0.0,2199.639,15.9155,6.0,1192.9375,0.0288,1200.0,850.0,,49.0,57.0
2026-04-07T01:27:48,2.52,gpt2,20,1,0-3,0.1012,39.6868,40.586,46.28,0.0,2199.6393,15.9014,6.0,1192.9375,0.029,1200.0,850.0,,49.0,57.0
2026-04-07T01:27:48,2.697,gpt2,20,1,0-3,0.1012,40.0115,40.928,47.149,2.275,2199.639,15.9014,6.0,1192.9375,0.0288,1200.0,850.0,,49.0,57.0
2026-04-07T01:27:48,2.849,gpt2,20,1,0-3,0.1012,40.3191,41.2461,46.643,0.0,2199.639,15.9014,6.0,1192.9375,0.0287,1200.0,850.0,,49.0,57.0
2026-04-07T01:27:48,3.001,gpt2,20,1,0-3,0.1012,39.5195,40.4365,48.119,0.0,2199.6393,15.9014,6.0,1192.9375,0.0289,1200.0,850.0,,49.0,57.0
2026-04-07T01:27:48,3.157,gpt2,20,1,0-3,0.1012,40.2294,41.1565,45.797,0.0,2199.639,15.9296,6.0,1192.9375,0.0289,1200.0,850.0,,49.0,57.0
2026-04-07T01:27:49,3.31,gpt2,20,1,0-3,0.1012,39.965,40.8729,45.886,0.0,2199.6395,15.9437,6.0,1192.9375,0.029,1200.0,850.0,,49.0,57.0
2026-04-07T01:27:49,3.484,gpt2,20,1,0-3,0.1012,39.8087,40.7174,46.184,0.0,2199.639,15.9437,6.0,1192.9375,0.0293,1200.0,850.0,,49.0,57.0
2026-04-07T01:27:49,3.639,gpt2,20,1,0-3,0.1012,39.8067,40.7328,46.57,0.0,2199.6393,15.9437,6.0,1192.9375,0.029,1200.0,850.0,,49.0,57.0
2026-04-07T01:27:49,3.791,gpt2,20,1,0-3,0.1012,39.9973,40.8963,47.029,0.0,2199.639,15.9437,6.0,1192.9375,0.0284,1200.0,850.0,,49.0,57.0
2026-04-07T01:27:49,3.943,gpt2,20,1,0-3,0.1012,39.9619,40.8794,45.894,0.0,2199.639,15.9296,6.0,1192.9375,0.0289,1200.0,850.0,,49.0,57.0
2026-04-07T01:27:49,4.095,gpt2,20,1,0-3,0.1012,39.6477,40.5746,46.86,0.0,2199.6393,15.9296,6.0,1192.9375,0.0278,1200.0,850.0,,49.0,57.0
2026-04-07T01:27:49,4.247,gpt2,20,1,0-3,0.1012,39.6971,40.604,46.184,0.0,2199.639,15.9155,6.0,1192.9375,0.0277,1200.0,850.0,,49.0,57.0
2026-04-07T01:27:50,4.402,gpt2,20,1,0-3,0.1012,39.9386,40.8552,46.562,0.0,2199.6393,15.9014,6.0,1192.9375,0.0281,1200.0,850.0,,49.0,57.0
2026-04-07T01:27:50,4.554,gpt2,20,1,0-3,0.1012,40.1475,41.0746,46.273,2.5,2199.6393,15.8873,6.0,1192.9375,0.0281,1200.0,850.0,,49.0,57.0
2026-04-07T01:27:50,4.706,gpt2,20,1,0-3,0.1012,39.7285,40.6558,46.948,0.0,2199.639,15.8873,6.0,1192.9375,0.0281,1200.0,850.0,,49.0,57.0
2026-04-07T01:27:50,4.862,gpt2,20,1,0-3,0.1012,39.6005,40.5177,46.28,0.0,2199.6393,15.8732,6.0,1192.9375,0.0284,1200.0,850.0,,49.0,57.0
2026-04-07T01:27:50,5.014,gpt2,20,1,0-3,0.1012,39.3927,40.31,46.57,0.0,2199.6393,15.8592,6.0,1192.9375,0.0293,1200.0,850.0,,49.0,57.0
2026-04-07T01:27:50,5.166,gpt2,20,1,0-3,0.1012,39.8506,40.7496,46.755,0.0,2199.639,15.8873,6.0,1192.9375,0.0289,1200.0,850.0,,49.0,57.0
2026-04-07T01:27:51,5.323,gpt2,20,1,0-3,0.1012,40.1993,41.0977,47.149,0.0,2199.6393,15.9014,6.0,1192.9375,0.0287,1200.0,850.0,,49.0,57.0
2026-04-07T01:27:51,5.475,gpt2,20,1,0-3,0.1012,40.2972,41.1956,45.701,0.0,2199.6393,15.9014,6.0,1192.9375,0.0289,1200.0,850.0,,49.0,57.0
2026-04-07T01:27:51,5.627,gpt2,20,1,0-3,0.1012,40.3229,41.2407,45.797,0.0,2199.639,15.9014,6.0,1192.9375,0.0289,1200.0,850.0,,49.0,57.0
2026-04-07T01:27:51,5.784,gpt2,20,1,0-3,0.1012,39.2765,40.1754,46.852,0.0,2199.6393,15.9014,6.0,1192.9375,0.0286,1200.0,850.0,,49.0,57.0
2026-04-07T01:27:51,5.964,gpt2,20,1,0-3,0.1012,39.9816,40.8987,47.528,0.0,2199.639,15.8873,6.0,1192.9375,0.0287,1200.0,850.0,,49.0,57.0
2026-04-07T01:27:51,6.116,gpt2,20,1,0-3,0.1012,39.3421,40.2406,46.087,0.0,2199.6393,15.8873,6.0,1192.9375,0.0289,1200.0,850.0,,49.0,57.0
2026-04-07T01:27:51,6.268,gpt2,20,1,0-3,0.1012,40.0124,40.9301,46.273,0.0,2199.2785,15.8732,6.0,1192.9375,0.0289,1200.0,850.0,,49.0,57.0
2026-04-07T01:27:52,6.42,gpt2,20,1,0-3,0.1012,39.8042,40.7304,46.86,2.275,2199.6393,15.8592,6.0,1192.9375,0.0288,1200.0,850.0,,49.0,57.0
2026-04-07T01:27:52,6.573,gpt2,20,1,0-3,0.1012,40.3925,41.3096,46.377,0.0,2199.639,15.8592,6.0,1192.9375,0.0288,1200.0,850.0,,49.0,57.0
2026-04-07T01:27:52,6.726,gpt2,20,1,0-3,0.1012,39.722,40.6312,46.473,0.0,2199.6393,15.8592,6.0,1192.9375,0.0288,1200.0,850.0,,49.0,57.0
2026-04-07T01:27:52,6.896,gpt2,20,1,0-3,0.1012,39.4366,40.3638,46.763,0.0,2199.639,15.8592,6.0,1192.9375,0.0289,1200.0,850.0,,49.0,57.0
2026-04-07T01:27:52,7.048,gpt2,20,1,0-3,0.1012,39.7075,40.6155,46.477,0.0,2199.6393,15.8873,6.0,1192.9375,0.0289,1200.0,850.0,,49.0,57.0
2026-04-07T01:27:52,7.227,gpt2,20,1,0-3,0.1012,39.831,40.7489,46.28,0.0,2199.278,15.9014,6.0,1192.9375,0.0289,1200.0,850.0,,49.0,57.0
2026-04-07T01:27:53,7.38,gpt2,20,1,0-3,0.1012,40.1207,41.0465,46.86,0.0,2199.6393,15.9014,6.0,1192.9375,0.0289,1200.0,850.0,,49.0,57.0
2026-04-07T01:27:53,7.532,gpt2,20,1,0-3,0.1012,39.7486,40.6572,46.473,0.0,2199.6393,15.9014,6.0,1192.9375,0.0289,1200.0,850.0,,49.0,57.0
2026-04-07T01:27:53,7.689,gpt2,20,1,0-3,0.1012,40.2524,41.1427,45.797,2.275,2199.639,15.9014,6.0,1192.9375,0.0286,1200.0,850.0,,49.0,57.0
2026-04-07T01:27:53,7.841,gpt2,20,1,0-3,0.1012,40.1041,41.0124,46.087,2.275,2199.6395,15.9014,6.0,1192.9375,0.0285,1200.0,850.0,,49.0,57.0
2026-04-07T01:27:53,8.012,gpt2,20,1,0-3,0.1012,40.3078,41.2335,46.466,0.0,2199.639,15.8873,6.0,1192.9375,0.0294,1200.0,850.0,,49.0,57.0
2026-04-07T01:27:53,8.164,gpt2,20,1,0-3,0.1012,40.1911,41.0995,46.666,0.0,2199.6393,15.8873,6.0,1192.9375,0.029,1200.0,850.0,,49.0,57.0
2026-04-07T01:27:54,8.316,gpt2,20,1,0-3,0.1012,40.4083,41.3345,46.848,0.0,2199.6393,15.8873,6.0,1192.9375,0.0288,1200.0,850.0,,49.0,57.0
2026-04-07T01:27:54,8.471,gpt2,20,1,0-3,0.1012,40.4764,41.3942,46.377,0.0,2199.6393,15.8873,6.0,1192.9375,0.0285,1200.0,850.0,,49.0,57.0
2026-04-07T01:27:54,8.623,gpt2,20,1,0-3,0.1012,40.354,41.2804,46.477,0.0,2199.639,15.9014,6.0,1192.9375,0.0291,1200.0,850.0,,49.0,57.0
2026-04-07T01:27:54,8.775,gpt2,20,1,0-3,0.1012,40.3196,41.2365,46.956,0.0,2199.639,15.9155,6.0,1192.9375,0.0286,1200.0,850.0,,49.0,57.0
2026-04-07T01:27:54,8.927,gpt2,20,1,0-3,0.1012,40.2148,41.1411,47.524,0.0,2199.6393,15.9155,6.0,1192.9375,0.0285,1200.0,850.0,,49.0,57.0
2026-04-07T01:27:54,9.079,gpt2,20,1,0-3,0.1012,39.7248,40.6415,46.86,0.0,2199.639,15.9437,6.0,1192.9375,0.0284,1200.0,850.0,,49.0,57.0
2026-04-07T01:27:54,9.233,gpt2,20,1,0-3,0.1012,39.9231,40.8401,46.273,0.0,2199.639,15.9437,6.0,1192.9375,0.0289,1200.0,850.0,,49.0,57.0
2026-04-07T01:27:55,9.385,gpt2,20,1,0-3,0.1012,40.1896,41.0885,47.246,0.0,2199.6393,15.9718,6.0,1192.9375,0.0288,1200.0,850.0,,49.0,57.0
2026-04-07T01:27:55,9.537,gpt2,20,1,0-3,0.1012,40.453,41.3785,47.246,0.0,2199.6393,15.9718,6.0,1192.9375,0.0289,1200.0,850.0,,49.0,57.0
2026-04-07T01:27:55,9.694,gpt2,20,1,0-3,0.1012,40.3421,41.2598,45.991,0.0,2198.9172,15.9718,6.0,1192.9375,0.0289,1200.0,850.0,,49.0,57.0
2026-04-07T01:27:55,9.846,gpt2,20,1,0-3,0.1012,40.3765,41.2943,46.377,2.5,2199.639,15.9718,6.0,1192.9375,0.0289,1200.0,850.0,,49.0,57.0
2026-04-07T01:27:55,9.998,gpt2,20,1,0-3,0.1012,39.9495,40.8486,46.28,0.0,2199.2785,15.9718,6.0,1192.9375,0.0285,1200.0,850.0,,49.0,57.0
2026-04-07T01:27:55,10.155,gpt2,20,1,0-3,0.1012,40.2877,41.2051,46.57,0.0,2199.6393,15.9718,6.0,1192.9375,0.0287,1200.0,850.0,,49.0,57.0
2026-04-07T01:27:56,10.307,gpt2,20,1,0-3,0.1012,40.5114,41.4384,46.184,0.0,2199.639,15.9718,6.0,1192.9375,0.0288,1200.0,850.0,,49.0,57.0
2026-04-07T01:27:56,10.459,gpt2,20,1,0-3,0.1012,40.5066,41.4328,46.477,0.0,2199.6393,15.9577,6.0,1192.9375,0.0289,1200.0,850.0,,49.0,57.0
2026-04-07T01:27:56,10.611,gpt2,20,1,0-3,0.1012,40.0784,40.9868,46.763,0.0,2199.639,15.9577,6.0,1192.9375,0.0289,1200.0,850.0,,49.0,57.0
2026-04-07T01:27:56,10.763,gpt2,20,1,0-3,0.1012,39.5552,40.4727,46.86,0.0,2199.6393,15.9577,6.0,1192.9375,0.0285,1200.0,850.0,,49.0,57.0
2026-04-07T01:27:56,10.917,gpt2,20,1,0-3,0.1012,40.1257,41.0525,46.763,0.0,2199.6395,15.9577,6.0,1192.9375,0.029,1200.0,850.0,,49.0,57.0
2026-04-07T01:27:56,11.092,gpt2,20,1,0-3,0.1012,39.8836,40.8095,47.721,0.0,2199.639,15.9718,6.0,1192.9375,0.0288,1200.0,850.0,,49.0,57.0
2026-04-07T01:27:56,11.244,gpt2,20,1,0-3,0.1012,39.3115,40.2288,45.797,0.0,2199.6393,15.9859,6.0,1192.9375,0.029,1200.0,850.0,,49.0,57.0
2026-04-07T01:27:57,11.399,gpt2,20,1,0-3,0.1012,40.0268,40.9444,45.894,0.0,2199.639,15.9859,6.0,1192.9375,0.0289,1200.0,850.0,,49.0,57.0
2026-04-07T01:27:57,11.551,gpt2,20,1,0-3,0.1012,39.6825,40.6,46.948,0.0,2199.6393,15.9859,6.0,1192.9375,0.0288,1200.0,850.0,,49.0,57.0
2026-04-07T01:27:57,11.703,gpt2,20,1,0-3,0.1012,39.4429,40.351,46.763,0.0,2199.639,15.9859,6.0,1192.9375,0.0284,1200.0,850.0,,49.0,57.0
2026-04-07T01:27:57,11.859,gpt2,20,1,0-3,0.1012,39.9792,40.8778,46.172,0.0,2199.639,15.9859,6.0,1192.9375,0.0288,1200.0,850.0,,49.0,57.0
2026-04-07T01:27:57,12.012,gpt2,20,1,0-3,0.1012,39.9835,40.9095,46.377,0.0,2199.2782,15.9718,6.0,1192.9375,0.0288,1200.0,850.0,,49.0,57.0
2026-04-07T01:27:57,12.164,gpt2,20,1,0-3,0.1012,40.0445,40.9617,46.67,0.0,2199.639,15.9718,6.0,1192.9375,0.0285,1200.0,850.0,,49.0,57.0
2026-04-07T01:27:58,12.316,gpt2,20,1,0-3,0.1012,39.6475,40.5553,46.763,0.0,2199.6393,15.9577,6.0,1192.9375,0.0288,1200.0,850.0,,49.0,57.0
2026-04-07T01:27:58,12.468,gpt2,20,1,0-3,0.1012,39.5554,40.4638,46.67,0.0,2199.639,15.9437,6.0,1192.9375,0.0288,1200.0,850.0,,49.0,57.0
2026-04-07T01:27:58,12.622,gpt2,20,1,0-3,0.1012,40.1327,41.0501,46.377,0.0,2199.639,15.9437,6.0,1192.9375,0.0291,1200.0,850.0,,49.0,57.0
2026-04-07T01:27:58,12.775,gpt2,20,1,0-3,0.1012,40.3192,41.2181,46.377,0.0,2199.6393,15.9437,6.0,1192.9375,0.0287,1200.0,850.0,,49.0,57.0
2026-04-07T01:27:58,12.927,gpt2,20,1,0-3,0.1012,40.2392,41.1564,47.142,0.0,2199.639,15.9437,6.0,1192.9375,0.0289,1200.0,850.0,,49.0,57.0
2026-04-07T01:27:58,13.084,gpt2,20,1,0-3,0.1012,39.6812,40.5979,47.536,0.0,2199.6393,15.9437,6.0,1192.9375,0.0289,1200.0,850.0,,49.0,57.0
2026-04-07T01:27:58,13.236,gpt2,20,1,0-3,0.1012,39.4047,40.3225,45.991,0.0,2199.639,15.9577,6.0,1192.9375,0.0288,1200.0,850.0,,49.0,57.0
2026-04-07T01:27:59,13.388,gpt2,20,1,0-3,0.1012,39.8315,40.7302,45.991,0.0,2199.639,15.9718,6.0,1192.9375,0.0289,1200.0,850.0,,49.0,57.0
2026-04-07T01:27:59,13.545,gpt2,20,1,0-3,0.1012,40.298,41.2239,46.377,0.0,2199.6393,15.9718,6.0,1192.9375,0.029,1200.0,850.0,,49.0,57.0
2026-04-07T01:27:59,13.697,gpt2,20,1,0-3,0.1012,40.1513,41.0677,47.238,0.0,2199.639,15.9718,6.0,1192.9375,0.0289,1200.0,850.0,,49.0,57.0
2026-04-07T01:27:59,13.849,gpt2,20,1,0-3,0.1012,40.0791,41.0054,45.797,0.0,2199.639,15.9718,6.0,1192.9375,0.0287,1200.0,850.0,,49.0,57.0
2026-04-07T01:27:59,14.002,gpt2,20,1,0-3,0.1012,39.934,40.8515,46.377,0.0,2199.6393,15.9577,6.0,1192.9375,0.0289,1200.0,850.0,,49.0,57.0
2026-04-07T01:27:59,14.154,gpt2,20,1,0-3,0.1012,40.028,40.9548,46.763,0.0,2199.639,15.9577,6.0,1192.9375,0.0285,1200.0,850.0,,49.0,57.0
2026-04-07T01:28:00,14.308,gpt2,20,1,0-3,0.1012,40.18,41.0876,46.956,0.0,2199.639,15.9577,6.0,1192.9375,0.0289,1200.0,850.0,,49.0,57.0
2026-04-07T01:28:00,14.46,gpt2,20,1,0-3,0.1012,39.6646,40.564,46.377,0.0,2199.639,15.9437,6.0,1192.9375,0.029,1200.0,850.0,,49.0,57.0
2026-04-07T01:28:00,14.612,gpt2,20,1,0-3,0.1012,39.7813,40.6893,46.659,0.0,2199.6393,15.9437,6.0,1192.9375,0.028,1200.0,850.0,,49.0,57.0
2026-04-07T01:28:00,14.764,gpt2,20,1,0-3,0.1012,39.6226,40.5379,46.087,0.0,2199.639,15.9296,6.0,1192.9375,0.0278,1200.0,850.0,,49.0,57.0
2026-04-07T01:28:00,14.916,gpt2,20,1,0-3,0.1012,40.2137,41.1309,46.96,0.0,2199.2785,15.9296,6.0,1192.9375,0.0281,1200.0,850.0,,49.0,57.0
2026-04-07T01:28:00,15.07,gpt2,20,1,0-3,0.1012,40.0303,40.9386,46.473,0.0,2199.6393,15.9155,6.0,1192.9375,0.0278,1200.0,850.0,,49.0,57.0
2026-04-07T01:28:00,15.222,gpt2,20,1,0-3,0.1012,39.663,40.5895,46.473,0.0,2199.639,15.9155,6.0,1192.9375,0.0287,1200.0,850.0,,49.0,57.0
2026-04-07T01:28:01,15.374,gpt2,20,1,0-3,0.1012,39.5833,40.5093,46.462,2.275,2199.639,15.9296,6.0,1192.9375,0.0288,1200.0,850.0,,49.0,57.0
2026-04-07T01:28:01,15.526,gpt2,20,1,0-3,0.1012,39.3292,40.2457,45.894,0.0,2199.2782,15.9296,6.0,1192.9375,0.0281,1200.0,850.0,,49.0,57.0
2026-04-07T01:28:01,15.678,gpt2,20,1,0-3,0.1012,39.5108,40.4096,45.79,0.0,2199.6393,15.9296,6.0,1192.9375,0.0284,1200.0,850.0,,49.0,57.0
2026-04-07T01:28:01,15.853,gpt2,20,1,0-3,0.1012,39.4979,40.4034,46.087,0.0,2199.6395,15.9296,6.0,1192.9375,0.028,1200.0,850.0,,49.0,57.0
2026-04-07T01:28:01,16.029,gpt2,20,1,0-3,0.1012,39.9742,40.8729,46.079,0.0,2199.639,15.9155,6.0,1192.9375,0.0288,1200.0,850.0,,49.0,57.0
2026-04-07T01:28:01,16.181,gpt2,20,1,0-3,0.1012,39.5338,40.4514,46.184,2.275,2199.639,15.9014,6.0,1192.9375,0.0293,1200.0,850.0,,49.0,57.0
2026-04-07T01:28:02,16.334,gpt2,20,1,0-3,0.1012,39.3495,40.2401,46.948,2.5,2199.639,15.9014,6.0,1192.9375,0.029,1200.0,850.0,,49.0,57.0
2026-04-07T01:28:02,16.486,gpt2,20,1,0-3,0.1012,39.4933,40.4111,47.149,0.0,2199.6393,15.9014,6.0,1192.9375,0.0287,1200.0,850.0,,49.0,57.0
2026-04-07T01:28:02,16.638,gpt2,20,1,0-3,0.1012,39.931,40.8485,46.57,0.0,2199.639,15.9155,6.0,1192.9375,0.0287,1200.0,850.0,,49.0,57.0
2026-04-07T01:28:02,16.792,gpt2,20,1,0-3,0.1012,39.8229,40.74,46.666,0.0,2199.6393,15.9296,6.0,1192.9375,0.0288,1200.0,850.0,,49.0,57.0
2026-04-07T01:28:02,16.944,gpt2,20,1,0-3,0.1012,39.2387,40.1569,47.053,0.0,2199.6393,15.9296,6.0,1192.9375,0.029,1200.0,850.0,,49.0,57.0
2026-04-07T01:28:02,17.097,gpt2,20,1,0-3,0.1012,40.0832,41.0092,47.149,0.0,2199.639,15.9296,6.0,1192.9375,0.0286,1200.0,850.0,,49.0,57.0
2026-04-07T01:28:02,17.249,gpt2,20,1,0-3,0.1012,39.9759,40.8844,46.184,0.0,2199.6393,15.9437,6.0,1192.9375,0.0291,1200.0,850.0,,49.0,57.0
2026-04-07T01:28:03,17.401,gpt2,20,1,0-3,0.1012,39.7815,40.7076,46.466,0.0,2199.639,15.9577,6.0,1192.9375,0.0288,1200.0,850.0,,49.0,57.0
2026-04-07T01:28:03,17.553,gpt2,20,1,0-3,0.1012,39.7403,40.6481,46.666,0.0,2199.6393,15.9577,6.0,1192.9375,0.0277,1200.0,850.0,,49.0,57.0
2026-04-07T01:28:03,17.707,gpt2,20,1,0-3,0.1012,39.8807,40.7712,45.604,0.0,2199.6393,15.9577,6.0,1192.9375,0.028,1200.0,850.0,,49.0,57.0
2026-04-07T01:28:03,17.88,gpt2,20,1,0-3,0.1012,39.7966,40.6953,46.948,0.0,2199.639,15.9577,6.0,1192.9375,0.0288,1200.0,850.0,,49.0,57.0
2026-04-07T01:28:03,18.032,gpt2,20,1,0-3,0.1012,39.7722,40.6896,46.377,0.0,2199.639,15.9437,6.0,1192.9375,0.0287,1200.0,850.0,,49.0,57.0
2026-04-07T01:28:03,18.184,gpt2,20,1,0-3,0.1012,39.1253,40.025,46.28,0.0,2199.6393,15.9296,6.0,1192.9375,0.0291,1200.0,850.0,,49.0,57.0
2026-04-07T01:28:04,18.336,gpt2,20,1,0-3,0.1012,39.3166,40.2336,46.562,0.0,2199.6393,15.9296,6.0,1192.9375,0.0285,1200.0,850.0,,49.0,57.0
2026-04-07T01:28:04,18.512,gpt2,20,1,0-3,0.1012,39.6047,40.5133,46.956,0.0,2199.6393,15.9155,6.0,1192.9375,0.0289,1200.0,850.0,,49.0,57.0
2026-04-07T01:28:04,18.688,gpt2,20,1,0-3,0.1012,38.8128,39.72,47.636,0.0,2199.639,15.9155,6.0,1192.9375,0.0288,1200.0,850.0,,49.0,57.0
2026-04-07T01:28:04,18.844,gpt2,20,1,0-3,0.1012,39.2066,40.0975,46.755,0.0,2199.639,15.9155,6.0,1192.9375,0.029,1200.0,850.0,,49.0,57.0
2026-04-07T01:28:04,19.0,gpt2,20,1,0-3,0.1012,39.3931,40.3018,46.57,0.0,2199.6393,15.9155,6.0,1192.9375,0.029,1200.0,850.0,,49.0,57.0
2026-04-07T01:28:04,19.152,gpt2,20,1,0-3,0.1012,39.5111,40.4186,46.96,0.0,2199.639,15.9296,6.0,1192.9375,0.0292,1200.0,850.0,,49.0,57.0
2026-04-07T01:28:05,19.304,gpt2,20,1,0-3,0.1012,39.4542,40.3714,47.346,2.275,2199.639,15.9577,6.0,1192.9375,0.0288,1200.0,850.0,,49.0,57.0
2026-04-07T01:28:05,19.457,gpt2,20,1,0-3,0.1012,39.0572,39.9468,46.079,2.275,2199.639,15.9577,6.0,1192.9375,0.0289,1200.0,850.0,,49.0,57.0
2026-04-07T01:28:05,19.609,gpt2,20,1,0-3,0.1011,39.7488,40.6663,46.087,0.0,2199.6393,15.9577,6.0,1192.9375,0.0289,1200.0,850.0,,49.0,57.0
2026-04-07T01:28:05,19.761,gpt2,20,1,0-3,0.1012,39.7981,40.7244,46.755,2.275,2199.639,15.9577,6.0,1192.9375,0.0289,1200.0,850.0,,49.0,57.0
2026-04-07T01:28:05,19.914,gpt2,20,1,0-3,0.1012,39.9621,40.8787,46.57,0.0,2199.639,15.9577,6.0,1192.9375,0.0289,1200.0,850.0,,49.0,57.0
2026-04-07T01:28:05,20.068,gpt2,20,1,0-3,0.1012,39.7718,40.6716,46.184,0.0,2199.6393,15.9437,6.0,1192.9375,0.0285,1200.0,850.0,,49.0,57.0
2026-04-07T01:28:05,20.22,gpt2,20,1,0-3,0.1012,40.093,41.0196,46.466,0.0,2199.6393,15.9437,6.0,1192.9375,0.0289,1200.0,850.0,,49.0,57.0
2026-04-07T01:28:06,20.372,gpt2,20,1,0-3,0.1012,39.4782,40.386,46.763,2.275,2199.6393,15.9437,6.0,1192.9375,0.0289,1200.0,850.0,,49.0,57.0
2026-04-07T01:28:06,20.524,gpt2,20,1,0-3,0.1012,39.5457,40.4726,47.346,0.0,2199.6393,15.9296,6.0,1192.9375,0.0289,1200.0,850.0,,49.0,57.0
2026-04-07T01:28:06,20.676,gpt2,20,1,0-3,0.1012,39.8339,40.7516,46.184,2.275,2199.639,15.9296,6.0,1192.9375,0.0288,1200.0,850.0,,49.0,57.0
2026-04-07T01:28:06,20.83,gpt2,20,1,0-3,0.1012,40.2898,41.2057,46.473,5.0,2199.6393,15.9296,6.0,1192.9375,0.0289,1200.0,850.0,,49.0,57.0
2026-04-07T01:28:06,20.982,gpt2,20,1,0-3,0.1012,40.3014,41.2003,47.142,0.0,2199.6393,15.9296,6.0,1192.9375,0.0289,1200.0,850.0,,49.0,57.0
2026-04-07T01:28:06,21.134,gpt2,20,1,0-3,0.1012,40.3024,41.2286,47.053,0.0,2199.639,15.9437,6.0,1192.9375,0.0289,1200.0,850.0,,49.0,57.0
2026-04-07T01:28:06,21.291,gpt2,20,1,0-3,0.1012,39.8326,40.7317,45.604,0.0,2199.6393,15.9437,6.0,1192.9375,0.0282,1200.0,850.0,,49.0,57.0
2026-04-07T01:28:07,21.443,gpt2,20,1,0-3,0.1012,40.262,41.1789,46.176,0.0,2199.639,15.9718,6.0,1192.9375,0.029,1200.0,850.0,,49.0,57.0
2026-04-07T01:28:07,21.596,gpt2,20,1,0-3,0.1012,40.291,41.2082,46.377,0.0,2199.6393,15.9718,6.0,1192.9375,0.0292,1200.0,850.0,,49.0,57.0
2026-04-07T01:28:07,21.752,gpt2,20,1,0-3,0.1012,40.4268,41.354,46.473,0.0,2199.6393,15.9718,6.0,1192.9375,0.0292,1200.0,850.0,,49.0,57.0
2026-04-07T01:28:07,21.924,gpt2,20,1,0-3,0.1012,40.1751,41.0918,46.755,0.0,2199.639,15.9718,6.0,1192.9375,0.0289,1200.0,850.0,,49.0,57.0
2026-04-07T01:28:07,22.076,gpt2,20,1,0-3,0.1012,39.9786,40.8956,46.477,0.0,2199.6393,15.9577,6.0,1192.9375,0.0289,1200.0,850.0,,49.0,57.0
2026-04-07T01:28:07,22.249,gpt2,20,1,0-3,0.1011,40.252,41.1607,47.528,0.0,2199.639,15.9577,6.0,1192.9375,0.0287,1200.0,850.0,,49.0,57.0
2026-04-07T01:28:08,22.401,gpt2,20,1,0-3,0.1012,40.2656,41.1743,46.466,0.0,2199.6393,15.9577,6.0,1192.9375,0.0286,1200.0,850.0,,49.0,57.0
2026-04-07T01:28:08,22.555,gpt2,20,1,0-3,0.1012,39.9528,40.8705,46.86,0.0,2199.6393,15.9437,6.0,1192.9375,0.029,1200.0,850.0,,49.0,57.0
2026-04-07T01:28:08,22.707,gpt2,20,1,0-3,0.1012,39.9132,40.8315,46.956,0.0,2199.6393,15.9437,6.0,1192.9375,0.0289,1200.0,850.0,,49.0,57.0
2026-04-07T01:28:08,22.859,gpt2,20,1,0-3,0.1012,40.0192,40.9463,47.053,0.0,2199.639,15.9437,6.0,1192.9375,0.0289,1200.0,850.0,,49.0,57.0
2026-04-07T01:28:08,23.016,gpt2,20,1,0-3,0.1012,39.9738,40.8914,46.86,2.275,2199.6395,15.9437,6.0,1192.9375,0.029,1200.0,850.0,,49.0,57.0
2026-04-07T01:28:08,23.188,gpt2,20,1,0-3,0.1012,40.0783,40.9686,47.431,0.0,2199.639,15.9577,6.0,1192.9375,0.0289,1200.0,850.0,,49.0,57.0
2026-04-07T01:28:09,23.34,gpt2,20,1,0-3,0.1012,39.7231,40.65,46.184,0.0,2199.639,15.9718,6.0,1192.9375,0.0292,1200.0,850.0,,49.0,57.0
2026-04-07T01:28:09,23.492,gpt2,20,1,0-3,0.1012,39.4647,40.3731,46.369,0.0,2199.6393,15.9718,6.0,1192.9375,0.0288,1200.0,850.0,,49.0,57.0
2026-04-07T01:28:09,23.644,gpt2,20,1,0-3,0.1012,39.7022,40.6106,47.053,0.0,2199.639,15.9718,6.0,1192.9375,0.0289,1200.0,850.0,,49.0,57.0
2026-04-07T01:28:09,23.798,gpt2,20,1,0-3,0.1012,39.8154,40.7331,46.079,0.0,2199.6393,15.9718,6.0,1192.9375,0.0289,1200.0,850.0,,49.0,57.0
2026-04-07T01:28:09,23.95,gpt2,20,1,0-3,0.1012,39.7595,40.6582,46.087,0.0,2199.639,15.9718,6.0,1192.9375,0.0293,1200.0,850.0,,49.0,57.0
2026-04-07T01:28:09,24.102,gpt2,20,1,0-3,0.1012,40.1073,41.015,46.562,0.0,2199.6393,15.9577,6.0,1192.9375,0.0289,1200.0,850.0,,49.0,57.0
2026-04-07T01:28:09,24.254,gpt2,20,1,0-3,0.1012,40.0326,40.9413,46.956,0.0,2199.639,15.9577,6.0,1192.9375,0.0288,1200.0,850.0,,49.0,57.0
2026-04-07T01:28:10,24.407,gpt2,20,1,0-3,0.1012,39.9949,40.9031,46.473,0.0,2199.6393,15.9577,6.0,1192.9375,0.0284,1200.0,850.0,,49.0,57.0
2026-04-07T01:28:10,24.56,gpt2,20,1,0-3,0.1012,39.6321,40.5403,46.377,0.0,2199.6393,15.9437,6.0,1192.9375,0.0292,1200.0,850.0,,49.0,57.0
2026-04-07T01:28:10,24.712,gpt2,20,1,0-3,0.1012,39.7535,40.67,47.053,0.0,2199.639,15.9437,6.0,1192.9375,0.0289,1200.0,850.0,,49.0,57.0
2026-04-07T01:28:10,24.865,gpt2,20,1,0-3,0.1011,39.8714,40.7795,46.763,0.0,2199.6393,15.9437,6.0,1192.9375,0.0288,1200.0,850.0,,49.0,57.0
2026-04-07T01:28:10,25.021,gpt2,20,1,0-3,0.1012,39.8798,40.7972,47.346,0.0,2199.639,15.9437,6.0,1192.9375,0.0289,1200.0,850.0,,50.0,57.0
2026-04-07T01:28:10,25.173,gpt2,20,1,0-3,0.1012,39.767,40.6843,47.636,0.0,2199.6393,15.9577,6.0,1192.9375,0.0288,1200.0,850.0,,50.0,57.0
2026-04-07T01:28:11,25.327,gpt2,20,1,0-3,0.1012,39.7031,40.6113,45.983,0.0,2199.639,15.9718,6.0,1192.9375,0.0291,1200.0,850.0,,50.0,57.0
2026-04-07T01:28:11,25.483,gpt2,20,1,0-3,0.1012,40.1566,41.0641,46.079,0.0,2199.6395,15.9718,6.0,1192.9375,0.029,1200.0,850.0,,50.0,57.0
2026-04-07T01:28:11,25.656,gpt2,20,1,0-3,0.1012,39.9163,40.8333,46.087,0.0,2199.6393,15.9718,6.0,1192.9375,0.0286,1200.0,850.0,,50.0,57.0
2026-04-07T01:28:11,25.83,gpt2,20,1,0-3,0.1012,39.8813,40.7896,45.894,0.0,2199.639,15.9718,6.0,1192.9375,0.0285,1200.0,850.0,,50.0,57.0
2026-04-07T01:28:11,25.985,gpt2,20,1,0-3,0.1012,39.8926,40.8109,47.431,0.0,2199.6393,15.9577,6.0,1192.9375,0.0288,1200.0,850.0,,50.0,57.0
2026-04-07T01:28:11,26.16,gpt2,20,1,0-3,0.1012,40.332,41.2505,46.369,0.0,2199.639,15.9577,6.0,1192.9375,0.0289,1200.0,850.0,,49.0,57.0
2026-04-07T01:28:12,26.312,gpt2,20,1,0-3,0.1012,39.9707,40.8977,46.57,0.0,2199.639,15.9577,6.0,1192.9375,0.0293,1200.0,850.0,,49.0,57.0
2026-04-07T01:28:12,26.466,gpt2,20,1,0-3,0.1012,39.7245,40.6509,46.763,0.0,2199.639,15.9577,6.0,1192.9375,0.0291,1200.0,850.0,,49.0,57.0
2026-04-07T01:28:12,26.618,gpt2,20,1,0-3,0.1012,39.8626,40.7616,47.829,0.0,2199.6393,15.9437,6.0,1192.9375,0.0289,1200.0,850.0,,49.0,57.0
2026-04-07T01:28:12,26.77,gpt2,20,1,0-3,0.1012,39.9294,40.8374,47.431,0.0,2199.639,15.9577,6.0,1192.9375,0.0289,1200.0,850.0,,49.0,57.0
2026-04-07T01:28:12,26.927,gpt2,20,1,0-3,0.1012,40.1751,41.1007,47.335,0.0,2199.6393,15.9718,6.0,1192.9375,0.0288,1200.0,850.0,,49.0,57.0
2026-04-07T01:28:12,27.1,gpt2,20,1,0-3,0.1012,39.8615,40.788,47.053,0.0,2199.639,15.9859,6.0,1192.9375,0.0289,1200.0,850.0,,49.0,57.0
2026-04-07T01:28:12,27.276,gpt2,20,1,0-3,0.1012,40.4615,41.3689,46.184,0.0,2199.639,16.0,6.0,1192.9375,0.0286,1200.0,850.0,,49.0,57.0
2026-04-07T01:28:13,27.428,gpt2,20,1,0-3,0.1012,39.6077,40.5154,46.284,0.0,2199.6393,16.0141,6.0,1192.9375,0.0291,1200.0,850.0,,49.0,57.0
2026-04-07T01:28:13,27.58,gpt2,20,1,0-3,0.1012,40.4684,41.3767,46.28,2.275,2199.6393,16.0141,6.0,1192.9375,0.0288,1200.0,850.0,,49.0,57.0
2026-04-07T01:28:13,27.734,gpt2,20,1,0-3,0.1012,40.2715,41.1796,46.659,0.0,2199.278,16.0141,6.0,1192.9375,0.0287,1200.0,850.0,,49.0,57.0
2026-04-07T01:28:13,27.89,gpt2,20,1,0-3,0.1012,40.4385,41.3556,46.57,0.0,2199.6393,16.0141,6.0,1192.9375,0.0288,1200.0,850.0,,49.0,57.0
2026-04-07T01:28:13,28.042,gpt2,20,1,0-3,0.1012,39.761,40.679,46.087,2.5,2199.6393,16.0141,6.0,1192.9375,0.0286,1200.0,850.0,,49.0,57.0
2026-04-07T01:28:13,28.194,gpt2,20,1,0-3,0.1012,39.4378,40.3284,47.431,0.0,2199.6393,16.0141,6.0,1192.9375,0.0288,1200.0,850.0,,49.0,57.0
2026-04-07T01:28:14,28.351,gpt2,20,1,0-3,0.1012,40.1109,41.0189,46.57,0.0,2199.639,16.0141,6.0,1192.9375,0.0291,1200.0,850.0,,49.0,57.0
2026-04-07T01:28:14,28.503,gpt2,20,1,0-3,0.1012,40.2006,41.1273,46.956,0.0,2199.639,16.0,6.0,1192.9375,0.0288,1200.0,850.0,,49.0,57.0
2026-04-07T01:28:14,28.655,gpt2,20,1,0-3,0.1012,40.1331,41.06,46.956,0.0,2199.639,16.0,6.0,1192.9375,0.0287,1200.0,850.0,,49.0,57.0
2026-04-07T01:28:14,28.808,gpt2,20,1,0-3,0.1012,40.1569,41.074,46.666,0.0,2199.6393,16.0,6.0,1192.9375,0.0285,1200.0,850.0,,49.0,57.0
2026-04-07T01:28:14,28.96,gpt2,20,1,0-3,0.1012,39.7691,40.6859,46.67,0.0,2199.639,16.0,6.0,1192.9375,0.029,1200.0,850.0,,49.0,57.0
2026-04-07T01:28:14,29.113,gpt2,20,1,0-3,0.1012,39.7706,40.6965,47.246,0.0,2199.6393,16.0,6.0,1192.9375,0.029,1200.0,850.0,,49.0,57.0
2026-04-07T01:28:14,29.265,gpt2,20,1,0-3,0.1012,39.8458,40.7636,47.817,0.0,2199.278,16.0141,6.0,1192.9375,0.0286,1200.0,850.0,,49.0,57.0
2026-04-07T01:28:15,29.417,gpt2,20,1,0-3,0.1012,39.7712,40.6968,46.57,0.0,2199.6393,16.0282,6.0,1192.9375,0.0288,1200.0,850.0,,49.0,57.0
2026-04-07T01:28:15,29.594,gpt2,20,1,0-3,0.1012,40.2534,41.1527,45.991,0.0,2199.639,16.0282,6.0,1192.9375,0.0286,1200.0,850.0,,49.0,57.0
2026-04-07T01:28:15,29.746,gpt2,20,1,0-3,0.1012,40.2959,41.2041,45.894,0.0,2199.639,16.0282,6.0,1192.9375,0.0293,1200.0,850.0,,49.0,57.0
2026-04-07T01:28:15,29.898,gpt2,20,1,0-3,0.1012,40.3405,41.2665,46.763,0.0,2199.6393,16.0282,6.0,1192.9375,0.029,1200.0,850.0,,49.0,57.0
2026-04-07T01:28:15,30.051,gpt2,20,1,0-3,0.1012,40.2159,41.1242,46.666,0.0,2199.2782,16.0282,6.0,1192.9375,0.0289,1200.0,850.0,,49.0,57.0
2026-04-07T01:28:15,30.203,gpt2,20,1,0-3,0.1012,40.2783,41.2044,46.184,0.0,2199.639,16.0282,6.0,1192.9375,0.0288,1200.0,850.0,,49.0,57.0
2026-04-07T01:28:16,30.356,gpt2,20,1,0-3,0.1012,40.1564,41.0649,46.562,0.0,2199.6393,16.0282,6.0,1192.9375,0.029,1200.0,850.0,,49.0,57.0
2026-04-07T01:28:16,30.508,gpt2,20,1,0-3,0.1012,40.3348,41.242,46.956,0.0,2199.6393,16.0141,6.0,1192.9375,0.0288,1200.0,850.0,,49.0,57.0
2026-04-07T01:28:16,30.66,gpt2,20,1,0-3,0.1012,40.0535,40.9793,47.624,0.0,2199.639,16.0141,6.0,1192.9375,0.0287,1200.0,850.0,,49.0,57.0
2026-04-07T01:28:16,30.813,gpt2,20,1,0-3,0.1011,39.76,40.6872,46.562,0.0,2199.639,16.0141,6.0,1192.9375,0.0284,1200.0,850.0,,49.0,57.0
2026-04-07T01:28:16,30.964,gpt2,20,1,0-3,0.1012,39.5476,40.4745,46.86,2.275,2199.6393,16.0141,6.0,1192.9375,0.0291,1200.0,850.0,,49.0,57.0
2026-04-07T01:28:16,31.118,gpt2,20,1,0-3,0.1012,39.9406,40.8315,47.153,0.0,2199.278,16.0141,6.0,1192.9375,0.029,1200.0,850.0,,49.0,57.0
2026-04-07T01:28:16,31.271,gpt2,20,1,0-3,0.1012,40.193,41.0925,47.825,0.0,2199.639,16.0141,6.0,1192.9375,0.0288,1200.0,850.0,,49.0,57.0
2026-04-07T01:28:17,31.422,gpt2,20,1,0-3,0.1012,40.1452,41.0717,46.57,0.0,2199.2782,16.0282,6.0,1192.9375,0.0288,1200.0,850.0,,49.0,57.0
2026-04-07T01:28:17,31.579,gpt2,20,1,0-3,0.1012,39.4677,40.3667,45.894,0.0,2199.6393,16.0282,6.0,1192.9375,0.0291,1200.0,850.0,,49.0,57.0
2026-04-07T01:28:17,31.731,gpt2,20,1,0-3,0.1012,39.6348,40.5522,46.666,0.0,2199.639,16.0282,6.0,1192.9375,0.029,1200.0,850.0,,49.0,57.0
2026-04-07T01:28:17,31.883,gpt2,20,1,0-3,0.1012,39.4843,40.4014,46.087,0.0,2199.6393,16.0282,6.0,1192.9375,0.0292,1200.0,850.0,,49.0,57.0
2026-04-07T01:28:17,32.061,gpt2,20,1,0-3,0.1011,39.9821,40.8999,46.57,0.0,2199.639,16.0141,6.0,1192.9375,0.0288,1200.0,850.0,,49.0,57.0
2026-04-07T01:28:17,32.213,gpt2,20,1,0-3,0.1012,39.9602,40.8611,46.956,2.275,2199.6393,16.0141,6.0,1192.9375,0.0287,1200.0,850.0,,49.0,57.0
2026-04-07T01:28:18,32.365,gpt2,20,1,0-3,0.1011,39.1279,40.0371,46.184,0.0,2199.639,16.0141,6.0,1192.9375,0.0289,1200.0,850.0,,49.0,57.0
2026-04-07T01:28:18,32.517,gpt2,20,1,0-3,0.1012,39.377,40.2943,46.473,2.275,2199.6393,16.0,6.0,1192.9375,0.0291,1200.0,850.0,,49.0,57.0
2026-04-07T01:28:18,32.669,gpt2,20,1,0-3,0.1012,40.0896,40.9974,46.67,2.275,2199.639,16.0,6.0,1192.9375,0.029,1200.0,850.0,,49.0,57.0
2026-04-07T01:28:18,32.823,gpt2,20,1,0-3,0.1012,40.0293,40.946,47.053,0.0,2199.639,16.0,6.0,1192.9375,0.0289,1200.0,850.0,,49.0,57.0
2026-04-07T01:28:18,32.975,gpt2,20,1,0-3,0.1012,39.976,40.8849,46.377,0.0,2199.639,16.0,6.0,1192.9375,0.0289,1200.0,850.0,,49.0,57.0
2026-04-07T01:28:18,33.127,gpt2,20,1,0-3,0.1012,39.995,40.9214,46.751,0.0,2199.6393,16.0,6.0,1192.9375,0.0289,1200.0,850.0,,49.0,57.0
2026-04-07T01:28:18,33.284,gpt2,20,1,0-3,0.1012,39.6183,40.5084,47.238,0.0,2199.6393,16.0,6.0,1192.9375,0.0289,1200.0,850.0,,49.0,57.0
2026-04-07T01:28:19,33.436,gpt2,20,1,0-3,0.1012,39.5659,40.4836,46.57,0.0,2199.6393,16.0141,6.0,1192.9375,0.0286,1200.0,850.0,,49.0,57.0
2026-04-07T01:28:19,33.588,gpt2,20,1,0-3,0.1012,40.1639,41.0816,45.983,2.275,2199.6393,16.0141,6.0,1192.9375,0.0287,1200.0,850.0,,49.0,57.0
2026-04-07T01:28:19,33.74,gpt2,20,1,0-3,0.1012,40.1951,41.1222,45.894,0.0,2199.6393,16.0141,6.0,1192.9375,0.0285,1200.0,850.0,,49.0,57.0
2026-04-07T01:28:19,33.912,gpt2,20,1,0-3,0.1012,39.8883,40.7965,45.991,0.0,2199.639,16.0141,6.0,1192.9375,0.0293,1200.0,850.0,,49.0,57.0
2026-04-07T01:28:19,34.067,gpt2,20,1,0-3,0.1012,40.1608,41.0789,45.991,2.5,2199.6395,16.0,6.0,1192.9375,0.0286,1200.0,850.0,,49.0,57.0
2026-04-07T01:28:19,34.24,gpt2,20,1,0-3,0.1012,39.3287,40.2459,46.57,0.0,2199.639,16.0,6.0,1192.9375,0.0291,1200.0,850.0,,49.0,57.0
2026-04-07T01:28:20,34.392,gpt2,20,1,0-3,0.1012,40.0379,40.9638,46.477,0.0,2199.639,16.0,6.0,1192.9375,0.0292,1200.0,850.0,,49.0,57.0
2026-04-07T01:28:20,34.549,gpt2,20,1,0-3,0.1012,40.1501,41.0592,46.956,0.0,2199.639,15.9859,6.0,1192.9375,0.0289,1200.0,850.0,,49.0,57.0
2026-04-07T01:28:20,34.701,gpt2,20,1,0-3,0.1012,40.1401,41.057,47.238,0.0,2199.6393,15.9859,6.0,1192.9375,0.0289,1200.0,850.0,,49.0,57.0
2026-04-07T01:28:20,34.853,gpt2,20,1,0-3,0.1012,40.1342,41.0596,47.153,0.0,2199.6393,15.9859,6.0,1192.9375,0.0289,1200.0,850.0,,49.0,57.0
2026-04-07T01:28:20,35.01,gpt2,20,1,0-3,0.1012,40.2057,41.1228,46.377,0.0,2199.639,15.9859,6.0,1192.9375,0.0285,1200.0,850.0,,49.0,57.0
2026-04-07T01:28:20,35.162,gpt2,20,1,0-3,0.1012,40.3831,41.3004,46.86,0.0,2199.639,15.9859,6.0,1192.9375,0.029,1200.0,850.0,,49.0,57.0
2026-04-07T01:28:21,35.314,gpt2,20,1,0-3,0.1012,39.767,40.6852,46.184,0.0,2199.6393,16.0,6.0,1192.9375,0.029,1200.0,850.0,,49.0,57.0
2026-04-07T01:28:21,35.471,gpt2,20,1,0-3,0.1012,39.7687,40.6862,46.562,0.0,2199.639,16.0141,6.0,1192.9375,0.0288,1200.0,850.0,,49.0,57.0
2026-04-07T01:28:21,35.623,gpt2,20,1,0-3,0.1012,40.2171,41.1162,46.079,0.0,2199.6393,16.0141,6.0,1192.9375,0.0286,1200.0,850.0,,49.0,57.0
2026-04-07T01:28:21,35.775,gpt2,20,1,0-3,0.1012,39.9609,40.8584,46.087,0.0,2199.639,16.0141,6.0,1192.9375,0.0289,1200.0,850.0,,49.0,57.0
2026-04-07T01:28:21,35.927,gpt2,20,1,0-3,0.1012,39.9019,40.7916,46.67,0.0,2199.639,16.0141,6.0,1192.9375,0.0289,1200.0,850.0,,49.0,57.0
2026-04-07T01:28:21,36.08,gpt2,20,1,0-3,0.1012,39.7315,40.6305,46.666,0.0,2199.6393,16.0,6.0,1192.9375,0.0288,1200.0,850.0,,49.0,58.0
2026-04-07T01:28:21,36.233,gpt2,20,1,0-3,0.1012,40.2352,41.1428,46.184,0.0,2199.6393,16.0,6.0,1192.9375,0.0288,1200.0,850.0,,49.0,57.0
2026-04-07T01:28:22,36.385,gpt2,20,1,0-3,0.1012,40.3557,41.2634,46.57,0.0,2199.6393,16.0,6.0,1192.9375,0.0289,1200.0,850.0,,49.0,57.0
2026-04-07T01:28:22,36.537,gpt2,20,1,0-3,0.1012,40.5307,41.4488,47.153,0.0,2199.639,15.9859,6.0,1192.9375,0.029,1200.0,850.0,,49.0,57.0
2026-04-07T01:28:22,36.689,gpt2,20,1,0-3,0.1012,40.2594,41.1769,47.053,0.0,2199.6393,15.9859,6.0,1192.9375,0.0288,1200.0,850.0,,49.0,57.0
2026-04-07T01:28:22,36.843,gpt2,20,1,0-3,0.1012,39.7983,40.7062,46.473,0.0,2199.6393,15.9859,6.0,1192.9375,0.0288,1200.0,850.0,,49.0,57.0
2026-04-07T01:28:22,36.995,gpt2,20,1,0-3,0.1012,40.0292,40.9552,47.053,0.0,2199.639,15.9859,6.0,1192.9375,0.0294,1200.0,850.0,,49.0,57.0
2026-04-07T01:28:22,37.147,gpt2,20,1,0-3,0.1012,39.9684,40.8859,46.365,0.0,2199.639,15.9859,6.0,1192.9375,0.0281,1200.0,850.0,,49.0,57.0
2026-04-07T01:28:23,37.299,gpt2,20,1,0-3,0.1012,40.2945,41.2129,46.284,0.0,2199.6393,16.0,6.0,1192.9375,0.028,1200.0,850.0,,49.0,57.0
2026-04-07T01:28:23,37.458,gpt2,20,1,0-3,0.1012,40.2796,41.1974,46.184,0.0,2199.6393,16.0141,6.0,1192.9375,0.0281,1200.0,850.0,,49.0,57.0
2026-04-07T01:28:23,37.61,gpt2,20,1,0-3,0.1012,40.1913,41.1002,45.991,0.0,2199.639,16.0,6.0,1192.9375,0.0281,1200.0,850.0,,49.0,57.0
2026-04-07T01:28:23,37.762,gpt2,20,1,0-3,0.1012,39.9072,40.8155,46.763,0.0,2199.6393,16.0,6.0,1192.9375,0.028,1200.0,850.0,,49.0,57.0
2026-04-07T01:28:23,37.918,gpt2,20,1,0-3,0.1012,40.4634,41.3897,46.184,0.0,2199.639,16.0,6.0,1192.9375,0.0283,1200.0,850.0,,49.0,57.0
2026-04-07T01:28:23,38.07,gpt2,20,1,0-3,0.1012,39.9441,40.8424,46.659,2.775,2199.639,15.9859,6.0,1192.9375,0.0289,1200.0,850.0,,49.0,57.0
2026-04-07T01:28:23,38.222,gpt2,20,1,0-3,0.1012,39.6044,40.521,47.153,0.0,2199.6393,15.9718,6.0,1192.9375,0.0287,1200.0,850.0,,49.0,57.0
2026-04-07T01:28:24,38.374,gpt2,20,1,0-3,0.1012,39.8557,40.7549,46.57,0.0,2199.639,15.9718,6.0,1192.9375,0.0287,1200.0,850.0,,49.0,57.0
2026-04-07T01:28:24,38.526,gpt2,20,1,0-3,0.1012,39.8966,40.7949,46.666,0.0,2199.639,15.9718,6.0,1192.9375,0.0289,1200.0,850.0,,49.0,57.0
2026-04-07T01:28:24,38.68,gpt2,20,1,0-3,0.1012,40.2693,41.196,46.948,2.5,2199.6393,15.9577,6.0,1192.9375,0.0292,1200.0,850.0,,49.0,58.0
2026-04-07T01:28:24,38.852,gpt2,20,1,0-3,0.1012,40.0867,40.9952,47.045,0.0,2199.639,15.9577,6.0,1192.9375,0.0289,1200.0,850.0,,49.0,57.0
2026-04-07T01:28:24,39.004,gpt2,20,1,0-3,0.1012,39.6462,40.5456,47.817,0.0,2199.6393,15.9577,6.0,1192.9375,0.0288,1200.0,850.0,,49.0,57.0
2026-04-07T01:28:24,39.156,gpt2,20,1,0-3,0.1012,40.0935,41.0105,46.57,0.0,2199.639,15.9577,6.0,1192.9375,0.0288,1200.0,850.0,,49.0,57.0
2026-04-07T01:28:25,39.308,gpt2,20,1,0-3,0.1012,40.1708,41.0874,47.142,0.0,2199.6393,15.9718,6.0,1192.9375,0.0291,1200.0,850.0,,49.0,58.0
2026-04-07T01:28:25,39.465,gpt2,20,1,0-3,0.1012,39.9937,40.911,46.087,0.0,2199.639,15.9859,6.0,1192.9375,0.029,1200.0,850.0,,49.0,58.0
2026-04-07T01:28:25,39.617,gpt2,20,1,0-3,0.1012,39.8063,40.7333,47.536,0.0,2199.6393,15.9859,6.0,1192.9375,0.0289,1200.0,850.0,,49.0,58.0
2026-04-07T01:28:25,39.77,gpt2,20,1,0-3,0.1012,39.8636,40.7729,46.28,0.0,2199.6393,15.9859,6.0,1192.9375,0.0292,1200.0,850.0,,49.0,58.0
2026-04-07T01:28:25,39.922,gpt2,20,1,0-3,0.1012,40.1956,41.1133,46.273,0.0,2199.639,15.9859,6.0,1192.9375,0.0289,1200.0,850.0,,49.0,58.0
2026-04-07T01:28:25,40.074,gpt2,20,1,0-3,0.1012,39.9433,40.8523,46.477,0.0,2199.639,15.9718,6.0,1192.9375,0.0289,1200.0,850.0,,49.0,58.0
2026-04-07T01:28:25,40.23,gpt2,20,1,0-3,0.1012,40.106,41.0327,46.659,0.0,2199.6393,15.9718,6.0,1192.9375,0.0288,1200.0,850.0,,49.0,57.0
2026-04-07T01:28:26,40.382,gpt2,20,1,0-3,0.1012,39.7158,40.6335,46.184,0.0,2199.639,15.9718,6.0,1192.9375,0.0286,1200.0,850.0,,49.0,58.0
2026-04-07T01:28:26,40.534,gpt2,20,1,0-3,0.1012,39.9113,40.8289,46.473,0.0,2199.6393,15.9718,6.0,1192.9375,0.0291,1200.0,850.0,,49.0,57.0
2026-04-07T01:28:26,40.686,gpt2,20,1,0-3,0.1012,39.8268,40.744,47.053,0.0,2199.2785,15.9577,6.0,1192.9375,0.0288,1200.0,850.0,,49.0,58.0
2026-04-07T01:28:26,40.838,gpt2,20,1,0-3,0.1012,39.6958,40.6134,46.945,0.0,2199.639,15.9577,6.0,1192.9375,0.0289,1200.0,850.0,,49.0,58.0
2026-04-07T01:28:26,40.991,gpt2,20,1,0-3,0.1012,40.3958,41.3119,46.763,0.0,2199.6393,15.9577,6.0,1192.9375,0.0291,1200.0,850.0,,49.0,58.0
2026-04-07T01:28:26,41.143,gpt2,20,1,0-3,0.1012,39.9426,40.8509,46.948,0.0,2199.639,15.9577,6.0,1192.9375,0.0289,1200.0,850.0,,49.0,58.0
2026-04-07T01:28:27,41.295,gpt2,20,1,0-3,0.1012,40.2449,41.1619,47.346,0.0,2199.639,15.9718,6.0,1192.9375,0.0271,1200.0,850.0,,49.0,58.0
2026-04-07T01:28:27,41.447,gpt2,20,1,0-3,0.1012,40.1457,41.0627,47.153,0.0,2199.6393,15.9859,6.0,1192.9375,0.0287,1200.0,850.0,,49.0,58.0
2026-04-07T01:28:27,41.604,gpt2,20,1,0-3,0.1012,39.801,40.691,46.184,0.0,2199.639,15.9859,6.0,1192.9375,0.0289,1200.0,850.0,,49.0,58.0
2026-04-07T01:28:27,41.756,gpt2,20,1,0-3,0.1012,40.2153,41.1414,46.466,0.0,2199.278,15.9859,6.0,1192.9375,0.0289,1200.0,850.0,,49.0,58.0
2026-04-07T01:28:27,41.908,gpt2,20,1,0-3,0.1012,40.282,41.2076,47.053,0.0,2199.2785,15.9859,6.0,1192.9375,0.0287,1200.0,850.0,,49.0,58.0
2026-04-07T01:28:27,42.06,gpt2,20,1,0-3,0.1012,40.2595,41.1588,46.087,0.0,2199.6393,15.9859,6.0,1192.9375,0.0285,1200.0,850.0,,49.0,57.0
2026-04-07T01:28:27,42.212,gpt2,20,1,0-3,0.1012,40.3251,41.2327,46.28,0.0,2199.639,15.9718,6.0,1192.9375,0.0291,1200.0,850.0,,49.0,57.0
2026-04-07T01:28:28,42.364,gpt2,20,1,0-3,0.1012,40.0786,41.0048,47.142,0.0,2199.6393,15.9718,6.0,1192.9375,0.0289,1200.0,850.0,,49.0,58.0
2026-04-07T01:28:28,42.517,gpt2,20,1,0-3,0.1012,40.2953,41.1927,46.562,9.1,2199.6393,15.9718,6.0,1192.9375,0.0292,1200.0,850.0,,49.0,57.0
2026-04-07T01:28:28,42.696,gpt2,20,1,0-3,0.1012,40.0864,41.0039,47.053,0.0,2199.278,15.9577,6.0,1192.9375,0.0287,1200.0,850.0,,49.0,58.0
2026-04-07T01:28:28,42.848,gpt2,20,1,0-3,0.1012,39.8785,40.7957,47.431,0.0,2199.6393,15.9577,6.0,1192.9375,0.029,1200.0,850.0,,49.0,58.0
2026-04-07T01:28:28,43.0,gpt2,20,1,0-3,0.1012,39.7562,40.6827,47.153,0.0,2199.6393,15.9577,6.0,1192.9375,0.0288,1200.0,850.0,,49.0,58.0
2026-04-07T01:28:28,43.152,gpt2,20,1,0-3,0.1012,39.4725,40.38,47.053,0.0,2199.6393,15.9577,6.0,1192.9375,0.028,1200.0,850.0,,49.0,58.0
2026-04-07T01:28:29,43.304,gpt2,20,1,0-3,0.1012,39.6153,40.5322,48.216,0.0,2199.639,15.9718,6.0,1192.9375,0.0262,1200.0,850.0,,49.0,58.0
2026-04-07T01:28:29,43.458,gpt2,20,1,0-3,0.1012,39.566,40.484,46.369,0.0,2199.639,15.9859,6.0,1192.9375,0.0283,1200.0,850.0,,49.0,57.0
2026-04-07T01:28:29,43.61,gpt2,20,1,0-3,0.1012,39.8766,40.7927,45.797,0.0,2199.6393,15.9859,6.0,1192.9375,0.028,1200.0,850.0,,49.0,57.0
2026-04-07T01:28:29,43.764,gpt2,20,1,0-3,0.1012,39.912,40.8084,46.28,0.0,2199.6393,15.9859,6.0,1192.9375,0.0282,1200.0,850.0,,49.0,58.0
2026-04-07T01:28:29,43.916,gpt2,20,1,0-3,0.1012,39.9593,40.8854,45.701,2.275,2199.639,15.9859,6.0,1192.9375,0.0278,1200.0,850.0,,49.0,58.0
2026-04-07T01:28:29,44.068,gpt2,20,1,0-3,0.1012,39.5505,40.4593,46.659,0.0,2199.6393,15.9859,6.0,1192.9375,0.028,1200.0,850.0,,49.0,58.0
2026-04-07T01:28:29,44.22,gpt2,20,1,0-3,0.1012,39.1261,40.016,46.184,0.0,2199.6393,15.9718,6.0,1192.9375,0.0279,1200.0,850.0,,49.0,58.0
2026-04-07T01:28:30,44.372,gpt2,20,1,0-3,0.1012,39.9609,40.8878,46.57,0.0,2199.639,15.9577,6.0,1192.9375,0.028,1200.0,850.0,,49.0,58.0
2026-04-07T01:28:30,44.524,gpt2,20,1,0-3,0.1012,39.8424,40.7592,45.894,2.275,2199.639,15.9577,6.0,1192.9375,0.0283,1200.0,850.0,,49.0,58.0
2026-04-07T01:28:30,44.676,gpt2,20,1,0-3,0.1012,39.3773,40.2946,46.57,2.275,2199.6393,15.9437,6.0,1192.9375,0.0281,1200.0,850.0,,49.0,57.0
2026-04-07T01:28:30,44.829,gpt2,20,1,0-3,0.1012,39.659,40.5672,46.562,0.0,2199.6393,15.9296,6.0,1192.9375,0.0284,1200.0,850.0,,49.0,58.0
2026-04-07T01:28:30,44.98,gpt2,20,1,0-3,0.1012,39.6592,40.5595,47.153,0.0,2199.6393,15.9155,6.0,1192.9375,0.0278,1200.0,850.0,,49.0,58.0
2026-04-07T01:28:30,45.133,gpt2,20,1,0-3,0.1012,39.44,40.3574,46.86,2.275,2199.6393,15.9014,6.0,1192.9375,0.0282,1200.0,850.0,,49.0,58.0
2026-04-07T01:28:30,45.285,gpt2,20,1,0-3,0.1012,39.3888,40.2967,47.346,0.0,2199.639,15.9155,6.0,1192.9375,0.0281,1200.0,850.0,,49.0,58.0
2026-04-07T01:28:31,45.442,gpt2,20,1,0-3,0.1012,39.4945,40.3929,45.894,0.0,2199.6393,15.9296,6.0,1192.9375,0.0283,1200.0,850.0,,49.0,58.0
2026-04-07T01:28:31,45.594,gpt2,20,1,0-3,0.1012,39.4371,40.3457,46.666,0.0,2199.6393,15.9296,6.0,1192.9375,0.028,1200.0,850.0,,49.0,58.0
2026-04-07T01:28:31,45.747,gpt2,20,1,0-3,0.1012,39.8472,40.7646,45.797,0.0,2199.639,15.9296,6.0,1192.9375,0.0282,1200.0,850.0,,49.0,58.0
2026-04-07T01:28:31,45.899,gpt2,20,1,0-3,0.1012,39.8679,40.7942,46.477,0.0,2199.6393,15.9296,6.0,1192.9375,0.0279,1200.0,850.0,,49.0,58.0
2026-04-07T01:28:31,46.051,gpt2,20,1,0-3,0.1012,39.9052,40.832,46.087,0.0,2199.6395,15.9296,6.0,1192.9375,0.028,1200.0,850.0,,49.0,57.0
2026-04-07T01:28:31,46.224,gpt2,20,1,0-3,0.1012,40.0964,41.0205,46.767,0.0,2199.639,15.9155,6.0,1192.9375,0.0282,1200.0,850.0,,49.0,58.0
2026-04-07T01:28:32,46.376,gpt2,20,1,0-3,0.1012,39.7828,40.6999,46.28,0.0,2199.6393,15.9014,6.0,1192.9375,0.0278,1200.0,850.0,,49.0,58.0
2026-04-07T01:28:32,46.528,gpt2,20,1,0-3,0.1012,39.801,40.7277,46.57,0.0,2199.639,15.9014,6.0,1192.9375,0.0294,1200.0,850.0,,49.0,58.0
2026-04-07T01:28:32,46.68,gpt2,20,1,0-3,0.1012,39.6345,40.5517,46.956,0.0,2199.6393,15.8873,6.0,1192.9375,0.0291,1200.0,850.0,,49.0,58.0
2026-04-07T01:28:32,46.832,gpt2,20,1,0-3,0.1012,39.7962,40.6938,47.439,0.0,2199.6393,15.8873,6.0,1192.9375,0.029,1200.0,850.0,,49.0,58.0
2026-04-07T01:28:32,46.984,gpt2,20,1,0-3,0.1012,40.2297,41.1465,46.473,0.0,2199.6393,15.8873,6.0,1192.9375,0.0289,1200.0,850.0,,49.0,58.0
2026-04-07T01:28:32,47.136,gpt2,20,1,0-3,0.1012,40.2534,41.1616,46.956,2.275,2199.6393,15.8873,6.0,1192.9375,0.029,1200.0,850.0,,49.0,58.0
2026-04-07T01:28:32,47.288,gpt2,20,1,0-3,0.1012,40.0017,40.9096,47.439,0.0,2199.639,15.8873,6.0,1192.9375,0.0289,1200.0,850.0,,49.0,58.0
2026-04-07T01:28:33,47.44,gpt2,20,1,0-3,0.1012,40.1821,41.0994,46.57,2.275,2199.639,15.9014,6.0,1192.9375,0.029,1200.0,850.0,,49.0,58.0
2026-04-07T01:28:33,47.592,gpt2,20,1,0-3,0.1012,39.6644,40.5728,45.991,0.0,2199.6393,15.9296,6.0,1192.9375,0.0289,1200.0,850.0,,49.0,58.0
2026-04-07T01:28:33,47.745,gpt2,20,1,0-3,0.1011,39.6616,40.5699,46.86,0.0,2199.639,15.9296,6.0,1192.9375,0.0289,1200.0,850.0,,49.0,58.0
2026-04-07T01:28:33,47.897,gpt2,20,1,0-3,0.1012,39.6913,40.5995,47.729,0.0,2199.639,15.9296,6.0,1192.9375,0.0289,1200.0,850.0,,49.0,58.0
2026-04-07T01:28:33,48.049,gpt2,20,1,0-3,0.1012,39.6382,40.5561,46.184,0.0,2199.639,15.9296,6.0,1192.9375,0.029,1200.0,850.0,,49.0,58.0
2026-04-07T01:28:33,48.201,gpt2,20,1,0-3,0.1012,40.0657,40.9914,46.473,2.275,2199.639,15.9155,6.0,1192.9375,0.0289,1200.0,850.0,,49.0,58.0
2026-04-07T01:28:34,48.353,gpt2,20,1,0-3,0.1013,40.0915,41.017,46.956,0.0,2199.6398,15.9155,6.0,1192.9375,0.0289,1200.0,850.0,,49.0,58.0
2026-04-07T01:28:34,48.524,gpt2,20,1,0-3,0.1012,40.0863,41.0131,46.852,0.0,2199.639,15.9155,6.0,1192.9375,0.0289,1200.0,850.0,,49.0,58.0
2026-04-07T01:28:34,48.676,gpt2,20,1,0-3,0.1012,39.5553,40.4729,47.914,0.0,2199.6393,15.9014,6.0,1192.9375,0.0288,1200.0,850.0,,49.0,58.0
2026-04-07T01:28:34,48.829,gpt2,20,1,0-3,0.1012,39.9176,40.8264,46.57,0.0,2199.6393,15.9014,6.0,1192.9375,0.0288,1200.0,850.0,,49.0,58.0
2026-04-07T01:28:34,48.981,gpt2,20,1,0-3,0.1012,39.6386,40.557,47.045,0.0,2199.278,15.9014,6.0,1192.9375,0.0292,1200.0,850.0,,49.0,58.0
2026-04-07T01:28:34,49.136,gpt2,20,1,0-3,0.1012,40.3708,41.2878,47.25,0.0,2199.639,15.9014,6.0,1192.9375,0.0288,1200.0,850.0,,49.0,58.0
2026-04-07T01:28:34,49.288,gpt2,20,1,0-3,0.1012,40.0501,40.9755,47.153,0.0,2199.6393,15.9014,6.0,1192.9375,0.0289,1200.0,850.0,,49.0,58.0
2026-04-07T01:28:35,49.443,gpt2,20,1,0-3,0.1012,40.4763,41.4019,46.948,0.0,2199.639,15.9155,6.0,1192.9375,0.029,1200.0,850.0,,49.0,58.0
2026-04-07T01:28:35,49.595,gpt2,20,1,0-3,0.1012,40.1472,41.0643,46.087,0.0,2199.639,15.9437,6.0,1192.9375,0.0293,1200.0,850.0,,49.0,58.0
2026-04-07T01:28:35,49.75,gpt2,20,1,0-3,0.1012,39.7639,40.67,46.377,5.0,2199.6393,15.9437,6.0,1192.9375,0.0289,1200.0,850.0,,49.0,58.0
2026-04-07T01:28:35,49.902,gpt2,20,1,0-3,0.1012,39.9649,40.8819,47.053,0.0,2199.6393,15.9437,6.0,1192.9375,0.0289,1200.0,850.0,,49.0,58.0
2026-04-07T01:28:35,50.056,gpt2,20,1,0-3,0.1012,40.0841,41.0103,47.528,0.0,2199.639,15.9437,6.0,1192.9375,0.0288,1200.0,850.0,,49.0,58.0
2026-04-07T01:28:35,50.208,gpt2,20,1,0-3,0.1012,39.9666,40.8751,46.184,0.0,2199.639,15.9437,6.0,1192.9375,0.029,1200.0,850.0,,49.0,58.0
2026-04-07T01:28:36,50.363,gpt2,20,1,0-3,0.1012,40.2559,41.1832,46.666,0.0,2199.6393,15.9437,6.0,1192.9375,0.0292,1200.0,850.0,,49.0,58.0
2026-04-07T01:28:36,50.515,gpt2,20,1,0-3,0.1012,40.1347,41.0614,46.666,0.0,2199.2785,15.9437,6.0,1192.9375,0.0289,1200.0,850.0,,49.0,58.0
2026-04-07T01:28:36,50.669,gpt2,20,1,0-3,0.1012,40.0304,40.9483,47.636,0.0,2199.2782,15.9437,6.0,1192.9375,0.0289,1200.0,850.0,,49.0,58.0
2026-04-07T01:28:36,50.821,gpt2,20,1,0-3,0.1012,40.348,41.2469,47.636,0.0,2199.639,15.9437,6.0,1192.9375,0.0289,1200.0,850.0,,49.0,58.0
2026-04-07T01:28:36,50.976,gpt2,20,1,0-3,0.1012,40.2136,41.1399,47.053,0.0,2199.6393,15.9437,6.0,1192.9375,0.0289,1200.0,850.0,,49.0,58.0
2026-04-07T01:28:36,51.152,gpt2,20,1,0-3,0.1012,40.3455,41.2718,47.729,0.0,2199.639,15.9437,6.0,1192.9375,0.0288,1200.0,850.0,,49.0,58.0
2026-04-07T01:28:37,51.304,gpt2,20,1,0-3,0.1012,39.7315,40.6489,46.763,0.0,2199.6393,15.9437,6.0,1192.9375,0.0291,1200.0,850.0,,49.0,58.0
2026-04-07T01:28:37,51.456,gpt2,20,1,0-3,0.1012,40.0464,40.9614,46.377,4.775,2199.6393,15.9577,6.0,1192.9375,0.029,1200.0,850.0,,49.0,58.0
2026-04-07T01:28:37,51.611,gpt2,20,1,0-3,0.1012,40.1761,41.1025,46.956,0.0,2199.639,15.9577,6.0,1192.9375,0.029,1200.0,850.0,,49.0,58.0
2026-04-07T01:28:37,51.762,gpt2,20,1,0-3,0.1012,39.8887,40.797,47.053,0.0,2199.2782,15.9577,6.0,1192.9375,0.0286,1200.0,850.0,,49.0,58.0
2026-04-07T01:28:37,51.918,gpt2,20,1,0-3,0.1012,39.669,40.587,46.184,0.0,2199.6393,15.9577,6.0,1192.9375,0.0287,1200.0,850.0,,49.0,58.0
2026-04-07T01:28:37,52.07,gpt2,20,1,0-3,0.1012,39.7782,40.6596,46.087,0.0,2199.2782,15.9577,6.0,1192.9375,0.0287,1200.0,850.0,,49.0,58.0
2026-04-07T01:28:37,52.226,gpt2,20,1,0-3,0.1012,39.8872,40.795,46.377,0.0,2199.639,15.9577,6.0,1192.9375,0.0292,1200.0,850.0,,49.0,58.0
2026-04-07T01:28:38,52.378,gpt2,20,1,0-3,0.1012,40.2789,41.2058,46.377,0.0,2199.6393,15.9437,6.0,1192.9375,0.0294,1200.0,850.0,,49.0,58.0
2026-04-07T01:28:38,52.533,gpt2,20,1,0-3,0.1012,39.7968,40.7142,47.246,0.0,2199.2785,15.9437,6.0,1192.9375,0.0286,1200.0,850.0,,49.0,58.0
2026-04-07T01:28:38,52.685,gpt2,20,1,0-3,0.1012,40.1972,41.1057,46.666,0.0,2199.2782,15.9437,6.0,1192.9375,0.029,1200.0,850.0,,49.0,58.0
2026-04-07T01:28:38,52.841,gpt2,20,1,0-3,0.1012,39.8994,40.8168,48.119,0.0,2199.2782,15.9437,6.0,1192.9375,0.0287,1200.0,850.0,,49.0,58.0
2026-04-07T01:28:38,52.993,gpt2,20,1,0-3,0.1012,39.9109,40.8187,46.377,0.0,2199.639,15.9437,6.0,1192.9375,0.0284,1200.0,850.0,,49.0,58.0
2026-04-07T01:28:38,53.149,gpt2,20,1,0-3,0.1012,40.2562,41.1641,47.153,0.0,2199.6393,15.9437,6.0,1192.9375,0.0288,1200.0,850.0,,49.0,58.0
2026-04-07T01:28:39,53.301,gpt2,20,1,0-3,0.1012,39.9262,40.8342,47.045,2.275,2199.639,15.9437,6.0,1192.9375,0.0293,1200.0,850.0,,49.0,58.0
2026-04-07T01:28:39,53.457,gpt2,20,1,0-3,0.1012,39.6725,40.572,47.528,2.275,2199.639,15.9577,6.0,1192.9375,0.0288,1200.0,850.0,,49.0,58.0
2026-04-07T01:28:39,53.609,gpt2,20,1,0-3,0.1012,39.8299,40.7566,46.751,0.0,2199.6393,15.9577,6.0,1192.9375,0.0288,1200.0,850.0,,49.0,58.0
2026-04-07T01:28:39,53.764,gpt2,20,1,0-3,0.1012,40.1748,41.102,46.28,0.0,2199.639,15.9577,6.0,1192.9375,0.029,1200.0,850.0,,49.0,58.0
2026-04-07T01:28:39,53.916,gpt2,20,1,0-3,0.1012,40.173,41.0997,45.894,0.0,2199.6393,15.9577,6.0,1192.9375,0.0292,1200.0,850.0,,49.0,58.0
2026-04-07T01:28:39,54.072,gpt2,20,1,0-3,0.1012,40.0482,40.9749,46.377,0.0,2199.6393,15.9577,6.0,1192.9375,0.0285,1200.0,850.0,,49.0,58.0
2026-04-07T01:28:39,54.224,gpt2,20,1,0-3,0.1012,39.4507,40.3681,47.053,0.0,2199.639,15.9577,6.0,1192.9375,0.0289,1200.0,850.0,,49.0,58.0
2026-04-07T01:28:40,54.376,gpt2,20,1,0-3,0.1012,39.761,40.6774,48.107,0.0,2199.6393,15.9437,6.0,1192.9375,0.0287,1200.0,850.0,,49.0,58.0
2026-04-07T01:28:40,54.528,gpt2,20,1,0-3,0.1012,39.8109,40.7096,46.377,0.0,2199.639,15.9437,6.0,1192.9375,0.0291,1200.0,850.0,,49.0,58.0
2026-04-07T01:28:40,54.68,gpt2,20,1,0-3,0.1012,39.9269,40.8528,46.666,2.275,2199.6393,15.9437,6.0,1192.9375,0.029,1200.0,850.0,,49.0,58.0
2026-04-07T01:28:40,54.833,gpt2,20,1,0-3,0.1012,40.1017,41.0177,47.335,2.275,2199.639,15.9437,6.0,1192.9375,0.0288,1200.0,850.0,,49.0,58.0
2026-04-07T01:28:40,54.985,gpt2,20,1,0-3,0.1012,39.9518,40.8318,47.153,0.0,2199.6393,15.9437,6.0,1192.9375,0.0287,1200.0,850.0,,49.0,58.0
2026-04-07T01:28:40,55.137,gpt2,20,1,0-3,0.1012,39.4625,40.3805,46.86,0.0,2199.278,15.9437,6.0,1192.9375,0.0289,1200.0,850.0,,49.0,58.0
2026-04-07T01:28:40,55.291,gpt2,20,1,0-3,0.1012,39.7984,40.7244,46.86,0.0,2199.6393,15.9437,6.0,1192.9375,0.0289,1200.0,850.0,,50.0,58.0
2026-04-07T01:28:41,55.443,gpt2,20,1,0-3,0.1012,39.8562,40.7639,49.568,0.0,2199.6393,15.9437,6.0,1192.9375,0.0286,1200.0,850.0,,50.0,58.0
2026-04-07T01:28:41,55.598,gpt2,20,1,0-3,0.1012,40.0141,40.9224,47.528,0.0,2199.6393,15.9437,6.0,1192.9375,0.0289,1200.0,850.0,,50.0,58.0
2026-04-07T01:28:41,55.75,gpt2,20,1,0-3,0.1012,40.105,41.0326,46.184,0.0,2199.278,15.9437,6.0,1192.9375,0.0292,1200.0,850.0,,50.0,58.0
2026-04-07T01:28:41,55.904,gpt2,20,1,0-3,0.1012,39.6538,40.5713,46.28,0.0,2199.639,15.9437,6.0,1192.9375,0.0292,1200.0,850.0,,50.0,58.0
2026-04-07T01:28:41,56.056,gpt2,20,1,0-3,0.1012,40.1077,41.0339,46.562,0.0,2199.6393,15.9437,6.0,1192.9375,0.0287,1200.0,850.0,,50.0,58.0
2026-04-07T01:28:41,56.208,gpt2,20,1,0-3,0.1012,40.0699,40.9967,47.053,0.0,2199.639,15.9437,6.0,1192.9375,0.0289,1200.0,850.0,,50.0,58.0
2026-04-07T01:28:42,56.363,gpt2,20,1,0-3,0.1012,40.1302,41.048,46.558,0.0,2199.6393,15.9437,6.0,1192.9375,0.0284,1200.0,850.0,,49.0,58.0
2026-04-07T01:28:42,56.518,gpt2,20,1,0-3,0.1012,40.0942,41.001,46.466,0.0,2199.639,15.9577,6.0,1192.9375,0.0292,1200.0,850.0,,49.0,58.0
2026-04-07T01:28:42,56.67,gpt2,20,1,0-3,0.1012,40.0794,40.9878,46.666,2.275,2199.6393,15.9577,6.0,1192.9375,0.0289,1200.0,850.0,,49.0,58.0
2026-04-07T01:28:42,56.822,gpt2,20,1,0-3,0.1012,40.2237,41.1407,47.246,0.0,2199.6393,15.9577,6.0,1192.9375,0.0291,1200.0,850.0,,49.0,58.0
2026-04-07T01:28:42,56.974,gpt2,20,1,0-3,0.1012,40.1152,41.0418,47.226,0.0,2199.639,15.9718,6.0,1192.9375,0.0288,1200.0,850.0,,49.0,58.0
2026-04-07T01:28:42,57.126,gpt2,20,1,0-3,0.1012,40.1437,41.0603,46.763,0.0,2199.6393,15.9859,6.0,1192.9375,0.0285,1200.0,850.0,,49.0,58.0
2026-04-07T01:28:43,57.296,gpt2,20,1,0-3,0.1012,39.8964,40.8046,47.246,0.0,2199.639,16.0,6.0,1192.9375,0.0292,1200.0,850.0,,49.0,58.0
2026-04-07T01:28:43,57.448,gpt2,20,1,0-3,0.1012,39.8938,40.7833,49.181,0.0,2199.6393,16.0,6.0,1192.9375,0.0288,1200.0,850.0,,50.0,58.0
2026-04-07T01:28:43,57.6,gpt2,20,1,0-3,0.1012,39.9595,40.8865,47.528,0.0,2199.639,16.0,6.0,1192.9375,0.0288,1200.0,850.0,,50.0,58.0
2026-04-07T01:28:43,57.755,gpt2,20,1,0-3,0.1012,40.0534,40.9714,46.28,0.0,2199.639,16.0,6.0,1192.9375,0.0289,1200.0,850.0,,50.0,58.0
2026-04-07T01:28:43,57.907,gpt2,20,1,0-3,0.1012,39.7795,40.6694,46.57,0.0,2199.639,16.0,6.0,1192.9375,0.0285,1200.0,850.0,,50.0,58.0
2026-04-07T01:28:43,58.059,gpt2,20,1,0-3,0.1012,39.6122,40.5298,47.045,0.0,2199.2785,16.0,6.0,1192.9375,0.0289,1200.0,850.0,,50.0,58.0
2026-04-07T01:28:43,58.211,gpt2,20,1,0-3,0.1012,40.0072,40.9149,46.473,0.0,2199.2785,16.0,6.0,1192.9375,0.0288,1200.0,850.0,,50.0,58.0
2026-04-07T01:28:44,58.363,gpt2,20,1,0-3,0.1012,40.0559,40.9558,46.473,0.0,2199.278,16.0,6.0,1192.9375,0.0287,1200.0,850.0,,50.0,58.0
2026-04-07T01:28:44,58.518,gpt2,20,1,0-3,0.1012,40.1301,41.0478,46.86,0.0,2199.2782,16.0141,6.0,1192.9375,0.0294,1200.0,850.0,,49.0,58.0
2026-04-07T01:28:44,58.67,gpt2,20,1,0-3,0.1012,39.7517,40.6694,47.153,0.0,2199.2782,16.0141,6.0,1192.9375,0.029,1200.0,850.0,,49.0,58.0
2026-04-07T01:28:44,58.822,gpt2,20,1,0-3,0.1012,40.24,41.1481,47.817,0.0,2199.6393,16.0282,6.0,1192.9375,0.0288,1200.0,850.0,,49.0,58.0
2026-04-07T01:28:44,58.974,gpt2,20,1,0-3,0.1012,39.9366,40.836,46.86,0.0,2199.639,16.0282,6.0,1192.9375,0.0291,1200.0,850.0,,49.0,58.0
2026-04-07T01:28:44,59.126,gpt2,20,1,0-3,0.1012,39.645,40.5529,46.57,0.0,2199.639,16.0282,6.0,1192.9375,0.0293,1200.0,850.0,,49.0,58.0
2026-04-07T01:28:44,59.28,gpt2,20,1,0-3,0.1012,39.6259,40.5333,46.956,2.275,2199.6393,16.0282,6.0,1192.9375,0.029,1200.0,850.0,,49.0,58.0
2026-04-07T01:28:45,59.433,gpt2,20,1,0-3,0.1011,39.8407,40.7584,47.246,0.0,2199.6393,16.0282,6.0,1192.9375,0.0302,1200.0,850.0,,49.0,58.0
2026-04-07T01:28:45,59.584,gpt2,20,1,0-3,0.1012,39.8807,40.7891,46.176,0.0,2199.639,16.0141,6.0,1192.9375,0.0292,1200.0,850.0,,49.0,58.0
2026-04-07T01:28:45,59.737,gpt2,20,1,0-3,0.1011,39.9714,40.8886,46.562,0.0,2199.6393,16.0141,6.0,1192.9375,0.029,1200.0,850.0,,49.0,58.0
2026-04-07T01:28:45,59.888,gpt2,20,1,0-3,0.1012,40.0621,40.9528,45.991,0.0,2199.6393,16.0141,6.0,1192.9375,0.0292,1200.0,850.0,,49.0,58.0
